{
  "project_info": {
    "project_number": "607063256748",
    "project_id": "dietideals24-72f94",
    "storage_bucket": "dietideals24-72f94.appspot.com"
  },
  "client": [
    {
      "client_info": {
        "mobilesdk_app_id": "1:607063256748:android:b28abe21d2c8fbdbb87909",
        "android_client_info": {
          "package_name": "com.ingsw.dietiDeals24"
        }
      },
      "oauth_client": [],
      "api_key": [
        {
          "current_key": "AIzaSyC9X-EJWqx2Jj5z2Zl5Tbd4Ff6ryKjCx-I"
        }
      ],
      "services": {
        "appinvite_service": {
          "other_platform_oauth_client": []
        }
      }
    }
  ],
  "configuration_version": "1"
}